Date,3M,6M,9M,1Y,2Y,3Y,4Y,5Y,7Y,10Y,15Y,20Y
04/01/16,3.58,3.69,3.81,3.93,4.38,4.785,5.16,5.48,5.96,6.34,6.775,6.98
05/01/16,3.58,3.68,3.79,3.9,4.335,4.735,5.12,5.42,5.905,6.29,6.725,6.925
06/01/16,3.58,3.68,3.77,3.885,4.315,4.7,5.07,5.4,5.865,6.265,6.7,6.93
07/01/16,3.57,3.67,3.77,3.87,4.29,4.695,5.06,5.37,5.855,6.26,6.695,6.925
08/01/16,3.575,3.68,3.78,3.88,4.3,4.685,5.04,5.34,5.82,6.24,6.685,6.89
11/01/16,3.575,3.68,3.775,3.865,4.28,4.67,5.03,5.335,5.83,6.245,6.69,6.895
12/01/16,3.585,3.665,3.76,3.85,4.24,4.63,5,5.28,5.785,6.2,6.68,6.89
13/01/16,3.59,3.66,3.74,3.815,4.21,4.61,4.96,5.265,5.76,6.185,6.68,6.9
14/01/16,3.585,3.645,3.73,3.81,4.19,4.59,4.97,5.27,5.765,6.205,6.71,6.93
15/01/16,3.59,3.65,3.75,3.83,4.22,4.625,5.01,5.315,5.835,6.26,6.78,7.02
18/01/16,3.59,3.65,3.76,3.84,4.245,4.65,5.03,5.345,5.86,6.3,6.82,7.06
19/01/16,3.59,3.65,3.735,3.82,4.2,4.6,4.975,5.29,5.81,6.27,6.79,7.06
20/01/16,3.62,3.675,3.755,3.84,4.215,4.615,4.99,5.285,5.8,6.275,6.775,7.08
21/01/16,3.61,3.68,3.76,3.85,4.225,4.63,5,5.3,5.815,6.29,6.81,7.09
22/01/16,3.635,3.71,3.79,3.875,4.26,4.645,4.99,5.28,5.795,6.26,6.78,7.055
25/01/16,3.645,3.72,3.8,3.89,4.27,4.655,4.995,5.285,5.795,6.25,6.77,7.06
26/01/16,3.645,3.72,3.805,3.9,4.27,4.64,4.965,5.26,5.76,6.21,6.725,7.01
27/01/16,3.62,3.69,3.78,3.86,4.23,4.605,4.94,5.25,5.75,6.19,6.72,7.005
28/01/16,3.61,3.68,3.77,3.845,4.185,4.56,4.89,5.195,5.69,6.14,6.66,6.945
29/01/16,3.6,3.64,3.72,3.8,4.11,4.46,4.8,5.095,5.59,6.005,6.49,6.78
02/02/16,3.61,3.65,3.74,3.79,4.1,4.43,4.78,5.08,5.58,5.97,6.455,6.755
03/02/16,3.615,3.65,3.71,3.775,4.045,4.38,4.71,4.98,5.47,5.895,6.35,6.64
04/02/16,3.625,3.68,3.75,3.83,4.11,4.435,4.75,5.04,5.53,5.955,6.41,6.7
05/02/16,3.635,3.72,3.78,3.86,4.155,4.485,4.8,5.085,5.57,5.99,6.445,6.735
08/02/16,3.635,3.76,3.835,3.91,4.2,4.515,4.825,5.09,5.59,6.015,6.47,6.76
09/02/16,3.64,3.75,3.855,3.94,4.25,4.57,4.87,5.145,5.61,6.04,6.495,6.785
10/02/16,3.635,3.745,3.84,3.92,4.21,4.52,4.81,5.09,5.56,5.98,6.425,6.71
11/02/16,3.65,3.79,3.89,3.99,4.285,4.58,4.84,5.095,5.57,5.985,6.425,6.7
12/02/16,3.66,3.8,3.905,4,4.28,4.57,4.85,5.1,5.55,5.96,6.4,6.675
15/02/16,3.66,3.8,3.905,4,4.28,4.57,4.85,5.09,5.54,5.95,6.39,6.665
16/02/16,3.65,3.805,3.91,3.99,4.28,4.55,4.86,5.11,5.55,5.96,6.4,6.675
17/02/16,4.07,4.15,4.215,4.26,4.45,4.69,4.965,5.195,5.63,5.98,6.37,6.625
18/02/16,4.15,4.26,4.35,4.43,4.6,4.85,5.1,5.32,5.695,6.03,6.35,6.59
19/02/16,4.17,4.29,4.39,4.46,4.685,4.93,5.175,5.41,5.77,6.1,6.46,6.7
22/02/16,4.17,4.26,4.365,4.44,4.665,4.905,5.165,5.4,5.785,6.11,6.49,6.715
23/02/16,4.185,4.29,4.375,4.46,4.69,4.94,5.21,5.45,5.83,6.17,6.56,6.805
24/02/16,4.18,4.27,4.37,4.45,4.66,4.905,5.17,5.41,5.795,6.125,6.55,6.765
25/02/16,4.16,4.255,4.35,4.42,4.625,4.87,5.13,5.365,5.75,6.1,6.53,6.76
26/02/16,4.17,4.27,4.37,4.455,4.65,4.91,5.18,5.42,5.81,6.17,6.62,6.83
29/02/16,4.15,4.25,4.35,4.43,4.65,4.905,5.155,5.39,5.785,6.145,6.57,6.805
01/03/16,4.16,4.26,4.36,4.46,4.68,4.93,5.18,5.425,5.81,6.18,6.61,6.85
02/03/16,4.165,4.27,4.37,4.465,4.695,4.95,5.22,5.465,5.855,6.22,6.65,6.89
03/03/16,4.16,4.27,4.36,4.46,4.705,4.97,5.26,5.5,5.89,6.28,6.75,6.98
04/03/16,4.16,4.25,4.34,4.42,4.65,4.915,5.17,5.44,5.85,6.225,6.695,6.955
07/03/16,4.145,4.235,4.33,4.4,4.635,4.9,5.16,5.42,5.83,6.2,6.67,6.92
08/03/16,4.155,4.245,4.33,4.425,4.635,4.9,5.15,5.41,5.82,6.19,6.66,6.91
09/03/16,4.14,4.24,4.325,4.425,4.645,4.905,5.165,5.41,5.83,6.2,6.67,6.92
10/03/16,4.155,4.25,4.35,4.445,4.68,4.945,5.2,5.46,5.87,6.235,6.705,6.935
11/03/16,4.17,4.28,4.355,4.46,4.7,4.96,5.21,5.465,5.86,6.23,6.7,6.93
14/03/16,4.175,4.29,4.37,4.47,4.715,4.97,5.225,5.47,5.89,6.24,6.7,6.93
15/03/16,4.18,4.29,4.38,4.48,4.73,4.98,5.24,5.48,5.9,6.255,6.715,6.945
16/03/16,4.14,4.24,4.33,4.41,4.67,4.905,5.18,5.43,5.83,6.2,6.66,6.89
17/03/16,4.13,4.21,4.29,4.39,4.61,4.85,5.1,5.34,5.735,6.09,6.54,6.79
18/03/16,4.13,4.24,4.32,4.4,4.62,4.87,5.12,5.365,5.75,6.09,6.54,6.79
22/03/16,4.135,4.24,4.33,4.435,4.655,4.9,5.15,5.395,5.78,6.135,6.575,6.805
23/03/16,4.14,4.25,4.35,4.46,4.685,4.91,5.18,5.405,5.8,6.16,6.6,6.83
28/03/16,4.14,4.25,4.35,4.455,4.67,4.91,5.15,5.385,5.78,6.13,6.57,6.8
29/03/16,4.13,4.23,4.33,4.42,4.625,4.85,5.1,5.33,5.725,6.08,6.52,6.75
30/03/16,4.12,4.215,4.315,4.395,4.59,4.81,5.055,5.28,5.69,6.04,6.465,6.69
31/03/16,4.125,4.22,4.32,4.41,4.62,4.84,5.08,5.31,5.7,6.075,6.495,6.72
01/04/16,4.12,4.22,4.33,4.42,4.65,4.86,5.095,5.325,5.71,6.08,6.51,6.735
04/04/16,4.12,4.21,4.295,4.4,4.61,4.825,5.05,5.275,5.665,6.03,6.46,6.685
05/04/16,4.13,4.21,4.305,4.4,4.62,4.835,5.05,5.275,5.665,6.03,6.46,6.685
06/04/16,4.12,4.22,4.325,4.42,4.65,4.86,5.095,5.31,5.69,6.07,6.5,6.725
07/04/16,4.125,4.225,4.33,4.44,4.665,4.89,5.12,5.335,5.71,6.08,6.51,6.735
08/04/16,4.13,4.23,4.33,4.42,4.65,4.87,5.11,5.32,5.715,6.08,6.51,6.735
11/04/16,4.125,4.225,4.325,4.42,4.64,4.86,5.09,5.31,5.71,6.065,6.495,6.72
12/04/16,4.12,4.22,4.31,4.405,4.615,4.83,5.05,5.26,5.655,6.01,6.44,6.665
13/04/16,4.12,4.22,4.31,4.415,4.63,4.86,5.085,5.29,5.67,6.035,6.465,6.69
14/04/16,4.115,4.21,4.305,4.41,4.62,4.845,5.065,5.285,5.67,6.035,6.465,6.69
15/04/16,4.12,4.21,4.29,4.39,4.585,4.785,5.02,5.23,5.61,5.97,6.4,6.625
18/04/16,4.12,4.21,4.285,4.39,4.585,4.795,5.01,5.23,5.59,5.96,6.38,6.605
19/04/16,4.115,4.2,4.31,4.41,4.61,4.82,5.04,5.255,5.625,5.985,6.405,6.63
20/04/16,4.12,4.21,4.31,4.415,4.63,4.855,5.075,5.3,5.7,6.05,6.47,6.695
21/04/16,4.125,4.215,4.325,4.435,4.66,4.9,5.14,5.36,5.76,6.12,6.54,6.765
22/04/16,4.125,4.215,4.32,4.425,4.645,4.885,5.14,5.37,5.77,6.135,6.59,6.805
25/04/16,4.125,4.215,4.32,4.42,4.635,4.875,5.135,5.37,5.76,6.14,6.595,6.81
26/04/16,4.125,4.21,4.32,4.415,4.63,4.885,5.13,5.37,5.77,6.13,6.585,6.8
27/04/16,4.125,4.205,4.315,4.42,4.65,4.89,5.14,5.39,5.77,6.13,6.585,6.8
28/04/16,4.115,4.2,4.315,4.42,4.645,4.885,5.12,5.35,5.74,6.1,6.555,6.775
29/04/16,4.125,4.215,4.32,4.435,4.665,4.89,5.12,5.345,5.73,6.1,6.555,6.79
02/05/16,4.12,4.22,4.32,4.435,4.685,4.925,5.14,5.35,5.75,6.105,6.56,6.8
03/05/16,4.13,4.215,4.33,4.44,4.69,4.91,5.14,5.35,5.74,6.1,6.555,6.795
04/05/16,4.12,4.2,4.31,4.425,4.665,4.9,5.135,5.345,5.73,6.1,6.535,6.765
05/05/16,4.1,4.19,4.3,4.4,4.645,4.89,5.12,5.34,5.71,6.09,6.52,6.77
06/05/16,4.11,4.19,4.29,4.395,4.645,4.875,5.11,5.325,5.71,6.075,6.505,6.755
09/05/16,4.125,4.2,4.295,4.4,4.66,4.89,5.105,5.32,5.71,6.08,6.51,6.76
10/05/16,4.125,4.21,4.32,4.425,4.67,4.9,5.115,5.325,5.7,6.08,6.51,6.76
11/05/16,4.13,4.2,4.315,4.43,4.665,4.9,5.11,5.32,5.69,6.06,6.49,6.72
12/05/16,4.13,4.205,4.32,4.44,4.68,4.91,5.12,5.325,5.7,6.065,6.495,6.735
13/05/16,4.14,4.25,4.36,4.475,4.72,4.95,5.155,5.36,5.72,6.085,6.515,6.755
16/05/16,4.15,4.27,4.4,4.535,4.795,5.035,5.25,5.45,5.81,6.16,6.59,6.83
17/05/16,4.155,4.285,4.42,4.56,4.825,5.06,5.275,5.48,5.82,6.18,6.61,6.85
18/05/16,4.2,4.36,4.5,4.675,4.915,5.165,5.355,5.595,5.9,6.255,6.685,6.925
19/05/16,4.225,4.42,4.56,4.74,5.01,5.235,5.445,5.64,5.96,6.29,6.73,6.97
20/05/16,4.22,4.445,4.62,4.79,5.04,5.27,5.48,5.685,5.975,6.3,6.72,6.92
23/05/16,4.285,4.52,4.705,4.88,5.13,5.36,5.57,5.775,6.085,6.38,6.8,7
24/05/16,4.27,4.49,4.68,4.845,5.1,5.33,5.54,5.74,6.05,6.355,6.775,6.975
25/05/16,4.245,4.455,4.65,4.805,5.04,5.27,5.49,5.69,6.02,6.32,6.74,6.94
26/05/16,4.22,4.415,4.57,4.71,4.965,5.195,5.4,5.61,5.965,6.285,6.705,6.905
27/05/16,4.25,4.44,4.605,4.735,4.99,5.225,5.43,5.65,6,6.31,6.73,6.93
30/05/16,4.25,4.44,4.605,4.76,5,5.235,5.45,5.65,6,6.31,6.73,6.93
31/05/16,4.215,4.42,4.585,4.725,5,5.23,5.435,5.64,5.99,6.32,6.74,6.94
01/06/16,4.215,4.435,4.59,4.74,5.015,5.245,5.46,5.66,6.015,6.33,6.765,6.98
02/06/16,4.235,4.45,4.625,4.775,5.06,5.305,5.515,5.72,6.06,6.37,6.81,7.025
03/06/16,4.235,4.405,4.57,4.71,4.985,5.215,5.425,5.63,5.97,6.295,6.74,6.955
06/06/16,4.26,4.44,4.6,4.75,5.02,5.25,5.47,5.66,6.01,6.325,6.77,6.985
07/06/16,4.25,4.41,4.55,4.71,4.975,5.19,5.4,5.58,5.93,6.255,6.705,6.945
08/06/16,4.22,4.36,4.505,4.655,4.89,5.1,5.3,5.49,5.84,6.155,6.605,6.845
09/06/16,4.225,4.365,4.51,4.66,4.91,5.11,5.3,5.48,5.805,6.13,6.595,6.835
10/06/16,4.255,4.4,4.57,4.73,4.96,5.16,5.36,5.53,5.845,6.17,6.635,6.875
13/06/16,4.29,4.45,4.62,4.79,5.05,5.25,5.44,5.605,5.905,6.24,6.705,6.945
14/06/16,4.32,4.5,4.66,4.83,5.1,5.3,5.48,5.65,5.935,6.275,6.74,6.98
15/06/16,4.27,4.455,4.59,4.76,5.025,5.215,5.4,5.58,5.85,6.195,6.66,6.9
16/06/16,4.29,4.465,4.61,4.78,5.05,5.255,5.425,5.605,5.905,6.23,6.695,6.935
17/06/16,4.32,4.465,4.6,4.77,5.04,5.255,5.43,5.6,5.905,6.225,6.69,6.93
20/06/16,4.31,4.45,4.58,4.74,5,5.22,5.41,5.585,5.895,6.215,6.68,6.92
21/06/16,4.315,4.46,4.59,4.745,5.01,5.23,5.43,5.625,5.94,6.28,6.745,6.985
22/06/16,4.32,4.46,4.6,4.74,5.02,5.245,5.45,5.65,5.955,6.285,6.75,7
23/06/16,4.3,4.43,4.56,4.7,4.98,5.22,5.42,5.62,5.945,6.27,6.735,6.985
24/06/16,4.36,4.485,4.61,4.75,5.03,5.265,5.44,5.635,5.96,6.26,6.72,6.965
27/06/16,4.38,4.505,4.64,4.76,5.03,5.26,5.44,5.63,5.95,6.235,6.695,6.94
28/06/16,4.35,4.475,4.59,4.71,4.975,5.205,5.395,5.58,5.9,6.19,6.62,6.865
29/06/16,4.315,4.43,4.55,4.67,4.925,5.14,5.35,5.53,5.83,6.13,6.56,6.79
30/06/16,4.48,4.62,4.715,4.81,5.035,5.235,5.39,5.55,5.81,6.095,6.525,6.755
01/07/16,4.63,4.74,4.85,4.96,5.14,5.35,5.5,5.62,5.87,6.13,6.56,6.79
04/07/16,4.66,4.77,4.88,4.99,5.17,5.38,5.53,5.65,5.9,6.16,6.59,6.82
05/07/16,4.65,4.77,4.91,5.015,5.24,5.42,5.56,5.68,5.91,6.18,6.56,6.79
06/07/16,4.675,4.85,4.97,5.055,5.27,5.45,5.595,5.695,5.95,6.19,6.58,6.81
07/07/16,4.68,4.865,5,5.12,5.345,5.515,5.66,5.78,6.01,6.24,6.63,6.86
08/07/16,4.665,4.85,4.97,5.08,5.265,5.455,5.56,5.675,5.92,6.12,6.51,6.74
11/07/16,4.665,4.855,4.99,5.095,5.295,5.47,5.58,5.69,5.915,6.135,6.525,6.755
12/07/16,4.67,4.84,4.975,5.08,5.28,5.45,5.59,5.7,5.94,6.155,6.52,6.75
13/07/16,4.67,4.855,4.97,5.08,5.28,5.45,5.58,5.685,5.91,6.12,6.49,6.71
14/07/16,4.67,4.84,4.98,5.085,5.28,5.47,5.595,5.715,5.92,6.14,6.5,6.71
15/07/16,4.73,4.935,5.075,5.175,5.38,5.58,5.71,5.82,6.03,6.23,6.59,6.8
18/07/16,4.735,4.945,5.09,5.2,5.42,5.62,5.75,5.865,6.055,6.26,6.62,6.815
19/07/16,4.72,4.91,5.04,5.16,5.385,5.59,5.72,5.83,6.02,6.225,6.575,6.765
20/07/16,4.725,4.92,5.06,5.18,5.435,5.63,5.75,5.85,6.05,6.245,6.595,6.785
21/07/16,4.725,4.935,5.08,5.2,5.47,5.66,5.79,5.88,6.05,6.24,6.58,6.735
22/07/16,4.725,4.93,5.08,5.2,5.47,5.66,5.775,5.86,6.03,6.215,6.555,6.71
25/07/16,4.725,4.945,5.105,5.235,5.5,5.685,5.81,5.9,6.055,6.23,6.57,6.725
26/07/16,4.72,4.94,5.105,5.24,5.51,5.69,5.81,5.9,6.05,6.225,6.515,6.695
27/07/16,4.735,4.96,5.115,5.26,5.53,5.705,5.825,5.91,6.045,6.24,6.53,6.71
28/07/16,4.735,4.965,5.13,5.265,5.545,5.73,5.85,5.93,6.07,6.24,6.53,6.71
29/07/16,4.705,4.95,5.11,5.235,5.505,5.7,5.82,5.88,6.05,6.22,6.51,6.685
01/08/16,4.685,4.925,5.1,5.23,5.495,5.69,5.815,5.9,6.06,6.225,6.515,6.69
02/08/16,4.7,4.93,5.095,5.23,5.51,5.7,5.84,5.915,6.095,6.28,6.57,6.75
03/08/16,4.715,4.95,5.115,5.25,5.525,5.725,5.86,5.945,6.135,6.32,6.61,6.79
04/08/16,4.695,4.94,5.1,5.23,5.505,5.705,5.845,5.93,6.115,6.3,6.615,6.785
05/08/16,4.735,4.95,5.1,5.215,5.48,5.68,5.815,5.92,6.095,6.26,6.59,6.78
08/08/16,4.72,4.93,5.065,5.175,5.445,5.65,5.78,5.88,6.06,6.235,6.565,6.735
09/08/16,4.71,4.89,5.015,5.12,5.38,5.585,5.73,5.825,6.015,6.2,6.52,6.69
10/08/16,4.72,4.885,5,5.09,5.335,5.545,5.69,5.79,5.98,6.18,6.5,6.67
11/08/16,4.66,4.825,4.93,5.02,5.245,5.46,5.59,5.7,5.89,6.11,6.43,6.6
12/08/16,4.64,4.77,4.885,4.985,5.225,5.42,5.555,5.645,5.85,6.07,6.42,6.6
15/08/16,4.64,4.765,4.86,4.97,5.21,5.39,5.515,5.605,5.825,6.055,6.4,6.58
16/08/16,4.66,4.79,4.885,5,5.25,5.42,5.56,5.65,5.87,6.11,6.455,6.65
17/08/16,4.65,4.775,4.88,4.995,5.24,5.41,5.55,5.635,5.855,6.075,6.42,6.615
18/08/16,4.64,4.755,4.86,4.96,5.19,5.37,5.505,5.59,5.81,6.04,6.37,6.565
19/08/16,4.645,4.77,4.87,4.98,5.23,5.42,5.545,5.64,5.865,6.09,6.42,6.615
22/08/16,4.645,4.76,4.87,4.99,5.245,5.43,5.565,5.65,5.87,6.08,6.41,6.605
23/08/16,4.65,4.79,4.91,5.035,5.31,5.47,5.6,5.69,5.89,6.1,6.43,6.625
24/08/16,4.635,4.745,4.86,4.99,5.26,5.44,5.58,5.665,5.87,6.08,6.41,6.605
25/08/16,4.65,4.765,4.88,4.995,5.27,5.44,5.585,5.68,5.87,6.07,6.4,6.595
26/08/16,4.65,4.79,4.92,5.05,5.32,5.49,5.63,5.705,5.87,6.1,6.43,6.625
29/08/16,4.645,4.785,4.91,5.04,5.31,5.48,5.6,5.71,5.87,6.1,6.43,6.625
30/08/16,4.65,4.8,4.93,5.06,5.335,5.515,5.635,5.73,5.915,6.13,6.45,6.645
31/08/16,4.665,4.82,4.94,5.075,5.34,5.53,5.65,5.75,5.925,6.13,6.45,6.645
01/09/16,4.66,4.8,4.93,5.065,5.33,5.505,5.64,5.75,5.91,6.11,6.43,6.625
02/09/16,4.67,4.8,4.91,5.045,5.31,5.495,5.63,5.74,5.91,6.11,6.43,6.625
05/09/16,4.67,4.8,4.91,5.045,5.31,5.495,5.63,5.74,5.91,6.11,6.43,6.625
06/09/16,4.645,4.75,4.85,4.965,5.22,5.41,5.55,5.64,5.83,6.04,6.36,6.555
07/09/16,4.655,4.75,4.85,4.97,5.22,5.41,5.54,5.65,5.84,6.065,6.385,6.58
08/09/16,4.67,4.78,4.88,5,5.26,5.445,5.57,5.68,5.9,6.12,6.44,6.635
09/09/16,4.7,4.82,4.935,5.055,5.335,5.525,5.67,5.79,5.99,6.23,6.55,6.745
12/09/16,4.695,4.82,4.92,5.03,5.3,5.51,5.66,5.755,5.98,6.215,6.535,6.73
13/09/16,4.74,4.855,4.97,5.09,5.375,5.59,5.72,5.835,6.05,6.28,6.6,6.795
14/09/16,4.74,4.87,4.99,5.1,5.385,5.58,5.72,5.835,6.04,6.28,6.6,6.795
15/09/16,4.755,4.91,5.03,5.14,5.42,5.635,5.775,5.91,6.13,6.37,6.695,6.92
19/09/16,4.84,5.01,5.12,5.235,5.515,5.73,5.855,5.98,6.2,6.43,6.755,6.97
20/09/16,4.89,5.09,5.22,5.3,5.565,5.765,5.86,5.98,6.2,6.445,6.77,6.95
21/09/16,4.87,5.08,5.225,5.315,5.56,5.755,5.9,5.98,6.19,6.395,6.72,6.9
22/09/16,4.88,5.11,5.245,5.355,5.59,5.76,5.9,5.99,6.185,6.37,6.67,6.85
23/09/16,4.965,5.21,5.37,5.46,5.72,5.9,6.02,6.11,6.28,6.48,6.78,6.96
26/09/16,4.98,5.23,5.4,5.53,5.76,5.94,6.05,6.14,6.33,6.5,6.795,6.995
27/09/16,4.9,5.14,5.29,5.43,5.65,5.84,5.94,6.025,6.205,6.38,6.67,6.865
28/09/16,4.9,5.145,5.28,5.42,5.64,5.815,5.935,6.04,6.22,6.38,6.685,6.88
29/09/16,5.005,5.28,5.395,5.515,5.68,5.895,5.975,6.06,6.22,6.38,6.685,6.88
30/09/16,5.17,5.39,5.5,5.605,5.785,5.91,6.01,6.08,6.23,6.39,6.665,6.86
03/10/16,5.18,5.385,5.485,5.58,5.765,5.9,5.99,6.065,6.225,6.395,6.67,6.85
04/10/16,5.175,5.36,5.455,5.55,5.74,5.89,5.99,6.08,6.25,6.44,6.715,6.895
05/10/16,5.19,5.36,5.445,5.525,5.71,5.87,5.98,6.07,6.26,6.44,6.715,6.9
06/10/16,5.185,5.34,5.43,5.485,5.66,5.81,5.95,6.05,6.25,6.41,6.685,6.87
07/10/16,5.19,5.36,5.45,5.5,5.7,5.81,5.94,6.03,6.25,6.45,6.725,6.91
10/10/16,5.15,5.32,5.42,5.46,5.62,5.76,5.89,5.98,6.2,6.38,6.655,6.84
11/10/16,5.15,5.295,5.36,5.42,5.58,5.72,5.85,5.94,6.16,6.385,6.66,6.845
12/10/16,5.155,5.29,5.35,5.41,5.565,5.71,5.84,5.94,6.16,6.385,6.66,6.845
13/10/16,5.16,5.28,5.335,5.38,5.51,5.64,5.78,5.89,6.11,6.345,6.65,6.835
14/10/16,5.175,5.29,5.36,5.395,5.52,5.64,5.785,5.89,6.115,6.35,6.655,6.84
17/10/16,5.175,5.3,5.36,5.4,5.52,5.655,5.77,5.88,6.105,6.33,6.635,6.82
18/10/16,5.18,5.29,5.36,5.4,5.53,5.655,5.77,5.865,6.08,6.32,6.625,6.8
19/10/16,5.18,5.31,5.38,5.445,5.555,5.69,5.81,5.89,6.11,6.345,6.65,6.825
20/10/16,5.175,5.325,5.425,5.5,5.61,5.735,5.85,5.935,6.16,6.375,6.68,6.855
21/10/16,5.245,5.38,5.47,5.54,5.65,5.775,5.88,5.97,6.17,6.385,6.69,6.865
24/10/16,5.25,5.39,5.48,5.56,5.68,5.79,5.895,5.99,6.17,6.39,6.695,6.87
25/10/16,5.24,5.38,5.475,5.565,5.69,5.81,5.92,6.02,6.195,6.405,6.71,6.885
26/10/16,5.235,5.375,5.47,5.565,5.715,5.83,5.935,6.03,6.23,6.435,6.74,6.915
27/10/16,5.25,5.4,5.49,5.585,5.75,5.88,5.98,6.08,6.29,6.49,6.81,6.995
28/10/16,5.28,5.44,5.54,5.65,5.78,5.9,6.035,6.13,6.33,6.535,6.815,7
31/10/16,5.29,5.455,5.55,5.655,5.81,5.93,6.025,6.13,6.32,6.515,6.795,6.98
01/11/16,5.36,5.55,5.69,5.79,5.94,6.07,6.18,6.26,6.45,6.63,6.91,7.095
03/11/16,5.34,5.54,5.67,5.775,5.94,6.06,6.15,6.22,6.4,6.57,6.89,7.08
04/11/16,5.355,5.565,5.67,5.77,5.93,6.04,6.12,6.18,6.37,6.52,6.84,7.03
07/11/16,5.36,5.54,5.66,5.74,5.875,5.99,6.05,6.12,6.29,6.475,6.76,6.95
08/11/16,5.33,5.5,5.6,5.68,5.785,5.89,5.97,6.06,6.22,6.42,6.705,6.895
09/11/16,5.75,6.03,6.115,6.2,6.31,6.41,6.51,6.56,6.7,6.895,7.18,7.37
10/11/16,5.87,6.35,6.49,6.55,6.78,6.89,7,7.09,7.2,7.42,7.705,7.895
11/11/16,5.93,6.5,6.64,6.7,7,7.12,7.21,7.3,7.4,7.6,7.885,8.075
14/11/16,5.82,6.35,6.56,6.71,6.955,7.015,7.05,7.2,7.3,7.49,7.775,7.965
15/11/16,5.815,6.29,6.48,6.675,6.85,6.94,6.99,7.03,7.18,7.35,7.635,7.825
16/11/16,5.835,6.28,6.52,6.665,6.88,6.99,7.05,7.095,7.245,7.39,7.675,7.865
17/11/16,5.725,6.17,6.4,6.52,6.755,6.91,7.015,7.01,7.25,7.42,7.66,7.85
18/11/16,5.94,6.29,6.57,6.72,7,7.05,7.23,7.3,7.52,7.69,7.93,8.12
22/11/16,5.96,6.33,6.625,6.805,7.065,7.185,7.28,7.39,7.58,7.765,8.005,8.195
23/11/16,5.95,6.35,6.625,6.82,7.08,7.2,7.3,7.405,7.59,7.775,8.015,8.24
24/11/16,5.95,6.35,6.625,6.82,7.08,7.2,7.3,7.405,7.59,7.775,8.015,8.24
25/11/16,5.95,6.315,6.6,6.785,7.05,7.19,7.285,7.38,7.54,7.715,7.955,8.18
28/11/16,5.92,6.255,6.55,6.745,7.01,7.15,7.27,7.335,7.52,7.69,7.93,8.155
29/11/16,5.875,6.17,6.46,6.635,6.92,7.07,7.18,7.26,7.46,7.635,7.875,8.1
30/11/16,5.8,6.085,6.36,6.525,6.81,6.98,7.085,7.205,7.42,7.615,7.855,8.08
01/12/16,5.835,6.095,6.325,6.525,6.835,7.03,7.14,7.28,7.5,7.71,7.95,8.175
02/12/16,5.85,6.11,6.33,6.525,6.82,7.01,7.12,7.26,7.5,7.72,7.96,8.185
05/12/16,5.85,6.105,6.31,6.49,6.8,6.995,7.12,7.23,7.47,7.69,7.93,8.155
06/12/16,5.86,6.1,6.3,6.48,6.795,6.99,7.11,7.215,7.445,7.66,7.9,8.125
07/12/16,5.85,6.08,6.26,6.43,6.745,6.94,7.055,7.155,7.39,7.605,7.845,8.07
08/12/16,5.865,6.085,6.28,6.44,6.76,6.95,7.07,7.165,7.39,7.62,7.86,8.085
09/12/16,5.88,6.13,6.345,6.505,6.815,7.025,7.135,7.23,7.48,7.72,7.96,8.185
13/12/16,5.87,6.16,6.375,6.55,6.865,7.05,7.16,7.27,7.51,7.74,7.98,8.205
14/12/16,5.87,6.165,6.4,6.565,6.88,7.05,7.185,7.295,7.52,7.75,7.99,8.215
15/12/16,5.95,6.28,6.49,6.65,6.95,7.12,7.255,7.37,7.56,7.765,8.005,8.23
16/12/16,6.17,6.365,6.57,6.73,7.025,7.2,7.31,7.415,7.6,7.81,8.025,8.25
19/12/16,6.18,6.39,6.59,6.75,7.03,7.21,7.33,7.425,7.6,7.775,8.03,8.255
20/12/16,6.195,6.43,6.64,6.81,7.08,7.25,7.37,7.46,7.63,7.81,8.065,8.29
21/12/16,6.19,6.44,6.66,6.835,7.12,7.29,7.39,7.49,7.65,7.83,8.085,8.31
22/12/16,6.2,6.475,6.72,6.9,7.19,7.34,7.47,7.56,7.73,7.91,8.165,8.39
23/12/16,6.2,6.485,6.72,6.9,7.19,7.35,7.48,7.58,7.76,7.95,8.205,8.36
26/12/16,6.2,6.485,6.72,6.9,7.19,7.35,7.48,7.58,7.76,7.95,8.205,8.36
27/12/16,6.25,6.58,6.81,7,7.3,7.46,7.59,7.68,7.85,8.03,8.3,8.455
28/12/16,6.24,6.56,6.8,7.01,7.29,7.47,7.6,7.68,7.85,8.015,8.285,8.44
29/12/16,6.24,6.53,6.78,6.97,7.22,7.4,7.54,7.62,7.79,7.94,8.21,8.365
30/12/16,6.24,6.57,6.81,7,7.22,7.43,7.505,7.6,7.77,7.915,8.2,8.355
02/01/17,6.24,6.57,6.81,7,7.22,7.43,7.505,7.6,7.77,7.915,8.2,8.355
03/01/17,6.27,6.61,6.88,7.1,7.34,7.51,7.62,7.7,7.87,8.03,8.28,8.435
04/01/17,6.3,6.64,6.95,7.17,7.42,7.58,7.7,7.79,7.96,8.15,8.4,8.55
05/01/17,6.41,6.81,7.13,7.36,7.6,7.775,7.87,7.96,8.15,8.28,8.53,8.68
06/01/17,6.39,6.76,7.06,7.28,7.535,7.67,7.76,7.85,8,8.125,8.32,8.45
09/01/17,6.37,6.76,7.08,7.31,7.575,7.705,7.8,7.89,8.035,8.16,8.355,8.485
10/01/17,6.41,6.83,7.145,7.35,7.65,7.785,7.87,7.95,8.08,8.25,8.445,8.57
11/01/17,6.42,6.825,7.12,7.345,7.6,7.76,7.85,7.905,8.05,8.185,8.38,8.51
12/01/17,6.365,6.76,7.03,7.22,7.475,7.615,7.68,7.755,7.89,8.06,8.26,8.385
13/01/17,6.45,6.79,7.015,7.2,7.44,7.57,7.66,7.72,7.885,8.04,8.25,8.38
16/01/17,6.45,6.79,7.015,7.2,7.44,7.57,7.67,7.75,7.905,8.05,8.26,8.39
17/01/17,6.475,6.84,7.09,7.275,7.48,7.64,7.725,7.805,7.955,8.12,8.33,8.46
18/01/17,6.485,6.865,7.145,7.35,7.57,7.72,7.785,7.86,8.01,8.185,8.395,8.545
19/01/17,6.475,6.845,7.12,7.33,7.58,7.71,7.8,7.87,8.015,8.19,8.4,8.55
20/01/17,6.46,6.795,7.06,7.23,7.495,7.62,7.72,7.8,7.945,8.1,8.31,8.46
23/01/17,6.46,6.77,7.05,7.24,7.49,7.61,7.7,7.79,7.94,8.09,8.3,8.45
24/01/17,6.46,6.76,7.035,7.24,7.485,7.61,7.7,7.8,7.94,8.105,8.33,8.48
25/01/17,6.46,6.76,7.045,7.21,7.47,7.59,7.7,7.79,7.94,8.115,8.34,8.49
26/01/17,6.45,6.74,7.03,7.2,7.41,7.53,7.65,7.73,7.91,8.105,8.33,8.48
27/01/17,6.45,6.75,6.98,7.135,7.335,7.45,7.54,7.635,7.82,8.005,8.23,8.38
30/01/17,6.44,6.74,6.96,7.12,7.295,7.4,7.48,7.56,7.75,7.93,8.155,8.305
31/01/17,6.42,6.72,6.92,7.09,7.24,7.345,7.44,7.5,7.69,7.855,8.08,8.23
01/02/17,6.395,6.7,6.93,7.11,7.305,7.395,7.465,7.535,7.73,7.88,8.105,8.255
02/02/17,6.39,6.695,6.92,7.09,7.305,7.41,7.49,7.58,7.76,7.92,8.145,8.295
03/02/17,6.44,6.745,6.925,7.08,7.29,7.405,7.48,7.57,7.75,7.92,8.145,8.295
07/02/17,6.43,6.69,6.88,7.03,7.24,7.35,7.44,7.52,7.71,7.88,8.105,8.255
08/02/17,6.43,6.65,6.8,6.95,7.15,7.26,7.35,7.46,7.64,7.8,8.025,8.175
09/02/17,6.525,6.865,6.93,7.085,7.31,7.4,7.5,7.6,7.73,7.905,8.13,8.28
10/02/17,6.685,6.905,7.045,7.19,7.375,7.465,7.535,7.61,7.72,7.88,8.09,8.21
13/02/17,6.7,6.905,7.045,7.185,7.35,7.45,7.52,7.59,7.73,7.865,8.06,8.18
14/02/17,6.71,6.935,7.09,7.245,7.415,7.52,7.585,7.67,7.8,7.94,8.135,8.255
15/02/17,6.705,6.91,7.07,7.24,7.43,7.54,7.61,7.695,7.84,7.98,8.175,8.295
16/02/17,6.705,6.905,7.06,7.21,7.395,7.49,7.565,7.65,7.81,7.94,8.135,8.255
17/02/17,6.71,6.94,7.1,7.25,7.42,7.525,7.595,7.67,7.82,7.955,8.15,8.265
20/02/17,6.71,6.94,7.1,7.25,7.42,7.525,7.595,7.67,7.8,7.935,8.13,8.245
21/02/17,6.66,6.85,7,7.105,7.345,7.4,7.475,7.55,7.72,7.86,8.055,8.17
22/02/17,6.68,6.845,6.945,7.065,7.23,7.32,7.38,7.48,7.635,7.79,7.985,8.1
23/02/17,6.685,6.89,6.99,7.09,7.215,7.3,7.37,7.43,7.57,7.74,7.91,8.025
24/02/17,6.7,6.93,7.04,7.13,7.26,7.34,7.41,7.47,7.59,7.765,7.935,8.05
27/02/17,6.705,6.95,7.055,7.155,7.29,7.38,7.46,7.5,7.63,7.81,7.98,8.095
28/02/17,6.73,6.96,7.08,7.17,7.315,7.41,7.48,7.54,7.69,7.84,8.01,8.125
01/03/17,6.75,6.99,7.11,7.18,7.3,7.38,7.45,7.51,7.69,7.8,7.97,8.085
02/03/17,6.77,7.005,7.14,7.24,7.365,7.45,7.52,7.58,7.72,7.885,8.095,8.21
03/03/17,6.84,6.99,7.09,7.15,7.255,7.335,7.37,7.445,7.6,7.705,7.915,8.03
06/03/17,6.855,7.01,7.1,7.17,7.275,7.35,7.405,7.46,7.58,7.72,7.93,8.045
07/03/17,6.84,7.005,7.1,7.17,7.27,7.33,7.39,7.43,7.56,7.685,7.895,8.01
08/03/17,6.83,7.01,7.11,7.185,7.29,7.36,7.4,7.45,7.59,7.72,7.93,8.045
09/03/17,6.855,7.035,7.13,7.235,7.34,7.43,7.48,7.53,7.66,7.805,8.015,8.13
10/03/17,6.83,7.025,7.105,7.195,7.315,7.39,7.435,7.49,7.63,7.78,7.99,8.105
13/03/17,6.835,7.02,7.1,7.185,7.29,7.37,7.41,7.45,7.605,7.76,7.97,8.085
14/03/17,6.845,7.02,7.11,7.19,7.305,7.38,7.43,7.48,7.63,7.78,7.99,8.105
15/03/17,6.815,7,7.07,7.13,7.22,7.3,7.33,7.37,7.52,7.67,7.88,7.995
16/03/17,6.835,7,7.1,7.15,7.26,7.32,7.375,7.42,7.55,7.705,7.915,8.03
17/03/17,6.845,7,7.085,7.15,7.25,7.29,7.36,7.38,7.52,7.68,7.89,8.005
21/03/17,6.84,6.995,7.08,7.14,7.22,7.27,7.31,7.35,7.49,7.64,7.85,7.965
22/03/17,6.83,6.975,7.045,7.105,7.18,7.24,7.27,7.3,7.435,7.57,7.78,7.895
23/03/17,6.83,6.975,7.05,7.09,7.13,7.17,7.225,7.25,7.365,7.5,7.71,7.825
24/03/17,6.86,6.99,7.06,7.115,7.15,7.19,7.225,7.25,7.35,7.48,7.69,7.805
27/03/17,6.88,7.035,7.105,7.16,7.185,7.23,7.25,7.28,7.38,7.51,7.72,7.835
28/03/17,6.89,7.07,7.15,7.21,7.245,7.28,7.295,7.33,7.43,7.57,7.8,7.9
29/03/17,6.87,7.03,7.095,7.15,7.165,7.2,7.21,7.245,7.34,7.475,7.705,7.805
30/03/17,6.82,6.995,7.07,7.095,7.13,7.16,7.18,7.2,7.28,7.395,7.625,7.725
31/03/17,6.89,7.02,7.1,7.12,7.15,7.16,7.19,7.2,7.31,7.43,7.66,7.76
03/04/17,6.9,7.04,7.12,7.155,7.17,7.2,7.22,7.24,7.35,7.47,7.7,7.8
04/04/17,6.9,7.04,7.12,7.185,7.215,7.23,7.25,7.265,7.36,7.505,7.735,7.835
05/04/17,6.88,7,7.07,7.13,7.145,7.16,7.17,7.175,7.3,7.455,7.685,7.785
06/04/17,6.89,7.015,7.1,7.16,7.18,7.19,7.22,7.24,7.355,7.485,7.715,7.815
07/04/17,6.9,7.02,7.11,7.17,7.19,7.2,7.23,7.245,7.36,7.5,7.73,7.83
10/04/17,6.905,7.05,7.14,7.2,7.22,7.24,7.26,7.285,7.38,7.52,7.75,7.85
11/04/17,6.9,7.055,7.14,7.2,7.23,7.23,7.25,7.275,7.37,7.51,7.74,7.84
12/04/17,6.9,7.03,7.125,7.17,7.19,7.18,7.215,7.23,7.34,7.445,7.675,7.775
13/04/17,6.925,7.055,7.135,7.195,7.19,7.19,7.22,7.245,7.32,7.455,7.705,7.79
14/04/17,6.955,7.08,7.15,7.205,7.2,7.2,7.24,7.265,7.34,7.47,7.72,7.805
17/04/17,6.9,7.015,7.07,7.12,7.13,7.125,7.14,7.17,7.28,7.39,7.62,7.69
18/04/17,6.91,7.005,7.055,7.09,7.09,7.09,7.1,7.13,7.23,7.32,7.57,7.655
19/04/17,6.92,7.04,7.105,7.15,7.14,7.145,7.16,7.19,7.27,7.405,7.655,7.74
20/04/17,6.925,7.055,7.135,7.195,7.19,7.19,7.22,7.245,7.32,7.455,7.705,7.79
21/04/17,6.955,7.08,7.15,7.205,7.2,7.2,7.24,7.265,7.34,7.47,7.72,7.805
24/04/17,6.965,7.095,7.17,7.22,7.2,7.19,7.23,7.26,7.34,7.47,7.72,7.805
25/04/17,6.975,7.105,7.19,7.245,7.235,7.235,7.265,7.295,7.39,7.505,7.755,7.84
26/04/17,6.995,7.16,7.24,7.31,7.3,7.28,7.32,7.36,7.455,7.57,7.82,7.905
27/04/17,6.975,7.15,7.23,7.28,7.275,7.265,7.285,7.315,7.415,7.525,7.76,7.845
28/04/17,7.04,7.155,7.21,7.24,7.23,7.225,7.245,7.265,7.36,7.49,7.705,7.82
02/05/17,7.03,7.13,7.185,7.19,7.17,7.155,7.16,7.19,7.29,7.41,7.61,7.71
03/05/17,7.06,7.155,7.205,7.215,7.19,7.15,7.17,7.2,7.29,7.405,7.605,7.705
04/05/17,7.08,7.185,7.25,7.275,7.26,7.23,7.25,7.28,7.38,7.5,7.7,7.8
05/05/17,7.07,7.18,7.25,7.275,7.24,7.215,7.23,7.25,7.36,7.48,7.68,7.78
08/05/17,7.07,7.195,7.27,7.3,7.27,7.25,7.25,7.27,7.385,7.51,7.71,7.81
09/05/17,7.07,7.21,7.305,7.345,7.31,7.28,7.295,7.32,7.43,7.55,7.75,7.85
10/05/17,7.065,7.21,7.295,7.35,7.31,7.265,7.29,7.3,7.41,7.535,7.735,7.835
11/05/17,7.06,7.19,7.29,7.34,7.285,7.26,7.27,7.29,7.4,7.515,7.725,7.84
12/05/17,7.05,7.185,7.245,7.28,7.225,7.18,7.205,7.22,7.33,7.46,7.65,7.775
15/05/17,7.03,7.18,7.24,7.26,7.19,7.14,7.17,7.19,7.3,7.43,7.62,7.745
16/05/17,7.02,7.16,7.22,7.255,7.16,7.105,7.13,7.16,7.28,7.4,7.59,7.715
17/05/17,7.025,7.15,7.22,7.25,7.155,7.1,7.11,7.14,7.25,7.37,7.56,7.685
18/05/17,7.135,7.275,7.32,7.35,7.27,7.215,7.21,7.22,7.33,7.465,7.655,7.78
19/05/17,7.185,7.345,7.42,7.445,7.365,7.27,7.26,7.27,7.35,7.47,7.67,7.795
22/05/17,7.195,7.385,7.47,7.48,7.415,7.33,7.33,7.34,7.42,7.53,7.73,7.855
23/05/17,7.205,7.4,7.5,7.54,7.48,7.405,7.42,7.43,7.51,7.605,7.805,7.93
24/05/17,7.195,7.38,7.48,7.52,7.46,7.4,7.39,7.405,7.48,7.575,7.775,7.9
25/05/17,7.215,7.405,7.51,7.55,7.5,7.43,7.435,7.44,7.51,7.62,7.82,7.945
26/05/17,7.285,7.41,7.5,7.54,7.47,7.41,7.41,7.41,7.49,7.58,7.78,7.905
29/05/17,7.285,7.41,7.5,7.54,7.47,7.42,7.42,7.42,7.49,7.58,7.78,7.905
30/05/17,7.295,7.44,7.52,7.575,7.515,7.455,7.455,7.465,7.54,7.635,7.835,7.96
31/05/17,7.3,7.46,7.525,7.57,7.515,7.44,7.44,7.46,7.54,7.615,7.815,7.94
01/06/17,7.29,7.44,7.5,7.525,7.46,7.385,7.4,7.405,7.475,7.555,7.75,7.875
02/06/17,7.29,7.44,7.495,7.515,7.435,7.34,7.35,7.36,7.42,7.51,7.7,7.825
05/06/17,7.29,7.41,7.45,7.465,7.35,7.24,7.235,7.23,7.3,7.38,7.57,7.695
06/06/17,7.285,7.41,7.44,7.45,7.305,7.18,7.165,7.175,7.225,7.305,7.485,7.6
07/06/17,7.29,7.44,7.47,7.48,7.33,7.21,7.19,7.19,7.24,7.325,7.5,7.615
08/06/17,7.29,7.43,7.44,7.45,7.305,7.19,7.14,7.15,7.215,7.28,7.45,7.565
09/06/17,7.29,7.42,7.44,7.43,7.29,7.175,7.16,7.15,7.22,7.295,7.47,7.585
12/06/17,7.29,7.4,7.425,7.41,7.27,7.18,7.14,7.15,7.21,7.3,7.475,7.59
13/06/17,7.3,7.415,7.435,7.425,7.26,7.16,7.14,7.145,7.19,7.29,7.465,7.605
14/06/17,7.3,7.39,7.395,7.365,7.17,7.08,7.06,7.055,7.115,7.2,7.375,7.515
15/06/17,7.31,7.38,7.39,7.37,7.17,7.055,7.05,7.04,7.12,7.22,7.38,7.52
16/06/17,7.33,7.385,7.39,7.35,7.125,6.98,6.94,6.94,7.04,7.155,7.315,7.455
19/06/17,7.33,7.405,7.42,7.38,7.16,7.035,6.995,6.995,7.1,7.21,7.38,7.52
20/06/17,7.335,7.42,7.44,7.41,7.19,7.055,7.02,7.02,7.12,7.25,7.42,7.56
21/06/17,7.335,7.43,7.45,7.42,7.2,7.07,7.04,7.045,7.145,7.26,7.43,7.57
22/06/17,7.33,7.37,7.34,7.25,7.03,6.88,6.9,6.86,6.99,7.11,7.29,7.43
23/06/17,7.34,7.34,7.24,7.085,6.75,6.6,6.61,6.65,6.83,7.04,7.27,7.41
26/06/17,7.34,7.345,7.27,7.115,6.76,6.61,6.595,6.64,6.83,7.04,7.32,7.46
27/06/17,7.34,7.35,7.305,7.18,6.855,6.715,6.72,6.75,6.93,7.12,7.4,7.54
28/06/17,7.345,7.355,7.3,7.17,6.84,6.685,6.695,6.73,6.905,7.09,7.37,7.51
29/06/17,7.36,7.365,7.32,7.19,6.86,6.72,6.73,6.77,6.945,7.15,7.43,7.57
30/06/17,7.37,7.375,7.325,7.195,6.88,6.745,6.755,6.81,6.985,7.18,7.46,7.6
03/07/17,7.375,7.38,7.325,7.2,6.905,6.765,6.78,6.83,7,7.21,7.49,7.63
04/07/17,7.375,7.38,7.325,7.2,6.905,6.76,6.785,6.82,6.99,7.19,7.475,7.615
05/07/17,7.375,7.38,7.35,7.24,6.95,6.81,6.815,6.86,7.03,7.245,7.53,7.67
06/07/17,7.395,7.425,7.4,7.3,7.02,6.88,6.875,6.92,7.07,7.28,7.565,7.705
07/07/17,7.38,7.405,7.39,7.275,6.94,6.79,6.795,6.835,7.01,7.2,7.485,7.625
10/07/17,7.38,7.39,7.38,7.26,6.9,6.74,6.75,6.8,6.965,7.165,7.45,7.59
11/07/17,7.375,7.39,7.39,7.265,6.89,6.74,6.73,6.78,6.96,7.16,7.44,7.58
12/07/17,7.375,7.395,7.38,7.26,6.89,6.72,6.71,6.745,6.9,7.12,7.34,7.48
13/07/17,7.37,7.385,7.38,7.285,6.965,6.775,6.77,6.81,6.975,7.155,7.38,7.5
14/07/17,7.37,7.38,7.38,7.31,7,6.79,6.76,6.785,6.94,7.11,7.32,7.44
17/07/17,7.37,7.38,7.38,7.32,7.01,6.8,6.77,6.795,6.94,7.11,7.32,7.44
18/07/17,7.37,7.38,7.38,7.33,7.03,6.83,6.8,6.81,6.955,7.13,7.34,7.46
19/07/17,7.37,7.38,7.38,7.34,7.035,6.86,6.83,6.84,6.985,7.17,7.38,7.5
20/07/17,7.375,7.38,7.38,7.32,7.02,6.845,6.8,6.81,6.96,7.14,7.35,7.47
21/07/17,7.375,7.39,7.385,7.33,7.03,6.86,6.82,6.84,6.99,7.15,7.36,7.48
24/07/17,7.38,7.39,7.385,7.335,7.04,6.88,6.83,6.845,6.995,7.155,7.365,7.485
25/07/17,7.38,7.39,7.38,7.34,7.06,6.9,6.865,6.88,7.025,7.18,7.39,7.51
26/07/17,7.38,7.39,7.375,7.3,7.01,6.85,6.8,6.82,6.965,7.125,7.335,7.455
27/07/17,7.39,7.395,7.38,7.31,7,6.845,6.82,6.825,6.975,7.14,7.35,7.47
28/07/17,7.395,7.39,7.37,7.305,6.995,6.84,6.82,6.83,6.98,7.14,7.35,7.47
31/07/17,7.395,7.4,7.37,7.3,7,6.84,6.82,6.835,6.985,7.145,7.355,7.475
01/08/17,7.39,7.39,7.37,7.31,7.01,6.855,6.84,6.85,6.985,7.14,7.35,7.47
02/08/17,7.39,7.39,7.37,7.31,7.005,6.86,6.84,6.855,6.985,7.135,7.345,7.465
03/08/17,7.4,7.4,7.37,7.31,7.005,6.85,6.83,6.85,6.98,7.13,7.34,7.46
04/08/17,7.395,7.4,7.38,7.32,7.03,6.88,6.87,6.89,7.015,7.165,7.375,7.495
07/08/17,7.4,7.4,7.38,7.32,7.04,6.895,6.88,6.895,7.02,7.175,7.385,7.505
08/08/17,7.4,7.405,7.385,7.33,7.045,6.895,6.885,6.905,7.025,7.18,7.39,7.51
09/08/17,7.42,7.43,7.42,7.365,7.09,6.94,6.93,6.945,7.06,7.2,7.4,7.52
10/08/17,7.39,7.39,7.37,7.315,7.025,6.88,6.87,6.895,7.01,7.16,7.36,7.48
11/08/17,7.39,7.39,7.37,7.29,6.99,6.855,6.845,6.86,6.98,7.13,7.33,7.45
14/08/17,7.39,7.39,7.37,7.295,7.01,6.87,6.87,6.885,7,7.14,7.34,7.46
15/08/17,7.39,7.39,7.375,7.31,7.04,6.91,6.9,6.92,7.035,7.18,7.38,7.5
16/08/17,7.385,7.39,7.37,7.305,7.015,6.87,6.86,6.88,6.99,7.13,7.33,7.45
17/08/17,7.39,7.39,7.37,7.32,7.04,6.905,6.88,6.9,7.01,7.15,7.35,7.47
18/08/17,7.39,7.39,7.37,7.31,7.03,6.91,6.87,6.89,7.01,7.13,7.33,7.45
21/08/17,7.39,7.39,7.36,7.3,7.02,6.88,6.85,6.87,6.98,7.1,7.3,7.42
22/08/17,7.385,7.395,7.36,7.3,7.015,6.865,6.835,6.855,6.96,7.09,7.29,7.41
23/08/17,7.385,7.39,7.36,7.31,7.025,6.88,6.85,6.87,6.98,7.115,7.315,7.435
24/08/17,7.385,7.395,7.37,7.32,7.045,6.89,6.86,6.88,6.99,7.13,7.33,7.45
25/08/17,7.385,7.39,7.365,7.315,7.03,6.87,6.85,6.865,6.98,7.115,7.315,7.435
28/08/17,7.39,7.4,7.38,7.34,7.065,6.91,6.885,6.9,7.02,7.15,7.35,7.47
29/08/17,7.38,7.395,7.385,7.345,7.07,6.92,6.895,6.91,7.02,7.155,7.355,7.475
30/08/17,7.385,7.39,7.38,7.335,7.06,6.9,6.88,6.895,7.005,7.14,7.34,7.46
31/08/17,7.385,7.395,7.38,7.34,7.07,6.905,6.895,6.91,7.02,7.15,7.36,7.48
01/09/17,7.385,7.395,7.39,7.36,7.09,6.93,6.915,6.935,7.045,7.175,7.385,7.505
04/09/17,7.385,7.395,7.39,7.36,7.09,6.93,6.915,6.935,7.045,7.175,7.385,7.505
05/09/17,7.385,7.4,7.38,7.35,7.09,6.935,6.91,6.925,7.045,7.16,7.37,7.49
06/09/17,7.38,7.39,7.375,7.33,7.06,6.89,6.865,6.89,6.995,7.135,7.345,7.465
07/09/17,7.38,7.38,7.345,7.275,6.98,6.805,6.76,6.77,6.895,7.055,7.25,7.37
08/09/17,7.38,7.38,7.345,7.27,6.96,6.775,6.72,6.74,6.88,7.02,7.215,7.335
11/09/17,7.38,7.38,7.345,7.27,6.96,6.78,6.725,6.735,6.86,7.03,7.225,7.345
12/09/17,7.38,7.38,7.355,7.29,6.99,6.81,6.75,6.77,6.89,7.05,7.25,7.37
13/09/17,7.38,7.385,7.35,7.29,7,6.83,6.77,6.78,6.9,7.06,7.26,7.38
14/09/17,7.39,7.385,7.355,7.295,7.02,6.84,6.785,6.785,6.9,7.06,7.26,7.38
15/09/17,7.38,7.38,7.35,7.28,7,6.83,6.775,6.775,6.895,7.04,7.24,7.36
18/09/17,7.38,7.38,7.355,7.29,7.025,6.85,6.8,6.8,6.92,7.06,7.255,7.375
19/09/17,7.38,7.38,7.355,7.29,7.02,6.86,6.805,6.81,6.915,7.055,7.25,7.37
20/09/17,7.37,7.36,7.33,7.27,7,6.85,6.8,6.8,6.92,7.065,7.26,7.38
21/09/17,7.37,7.325,7.31,7.22,6.95,6.78,6.73,6.74,6.86,7.01,7.205,7.325
22/09/17,7.375,7.33,7.29,7.2,6.88,6.72,6.675,6.68,6.81,6.96,7.155,7.275
25/09/17,7.375,7.33,7.3,7.21,6.89,6.725,6.68,6.685,6.8,6.955,7.15,7.27
26/09/17,7.375,7.33,7.305,7.22,6.91,6.74,6.68,6.68,6.8,6.955,7.15,7.27
27/09/17,7.38,7.35,7.33,7.26,6.98,6.82,6.76,6.76,6.86,7.035,7.23,7.35
28/09/17,7.38,7.35,7.34,7.28,7.01,6.87,6.81,6.81,6.92,7.08,7.275,7.395
29/09/17,7.38,7.355,7.33,7.28,7.01,6.85,6.805,6.8,6.92,7.08,7.275,7.395
02/10/17,7.375,7.355,7.335,7.28,7.02,6.87,6.81,6.81,6.94,7.1,7.295,7.415
03/10/17,7.375,7.36,7.34,7.3,7.045,6.89,6.835,6.83,6.96,7.115,7.31,7.43
04/10/17,7.38,7.36,7.34,7.31,7.075,6.935,6.885,6.88,7.005,7.16,7.355,7.475
05/10/17,7.385,7.38,7.375,7.35,7.15,7.01,6.98,6.985,7.11,7.27,7.465,7.585
06/10/17,7.38,7.37,7.35,7.325,7.14,7.025,7.01,7.01,7.16,7.32,7.515,7.635
09/10/17,7.38,7.365,7.33,7.31,7.12,7,6.99,6.99,7.14,7.32,7.515,7.635
10/10/17,7.39,7.38,7.35,7.33,7.15,7.04,7.04,7.05,7.22,7.385,7.58,7.7
11/10/17,7.39,7.37,7.34,7.3,7.12,7.01,7.015,7.03,7.16,7.365,7.55,7.66
12/10/17,7.41,7.4,7.38,7.36,7.18,7.08,7.09,7.08,7.2,7.365,7.55,7.66
13/10/17,7.43,7.46,7.46,7.45,7.28,7.195,7.18,7.2,7.3,7.445,7.63,7.74
16/10/17,7.435,7.49,7.525,7.525,7.365,7.28,7.26,7.305,7.38,7.52,7.705,7.815
17/10/17,7.425,7.485,7.51,7.51,7.32,7.225,7.2,7.21,7.3,7.4,7.55,7.66
18/10/17,7.42,7.465,7.48,7.48,7.28,7.17,7.12,7.12,7.215,7.31,7.46,7.57
19/10/17,7.435,7.47,7.47,7.47,7.255,7.135,7.085,7.085,7.18,7.295,7.445,7.555
20/10/17,7.435,7.475,7.51,7.505,7.31,7.2,7.15,7.15,7.245,7.375,7.525,7.635
23/10/17,7.435,7.47,7.5,7.495,7.3,7.19,7.14,7.13,7.23,7.355,7.505,7.615
24/10/17,7.455,7.51,7.55,7.56,7.37,7.27,7.21,7.195,7.29,7.41,7.56,7.67
25/10/17,7.46,7.52,7.555,7.56,7.39,7.28,7.235,7.22,7.31,7.43,7.58,7.69
26/10/17,7.46,7.515,7.57,7.57,7.39,7.29,7.25,7.25,7.33,7.455,7.595,7.705
27/10/17,7.455,7.495,7.54,7.545,7.365,7.28,7.25,7.255,7.35,7.47,7.61,7.72
30/10/17,7.445,7.49,7.56,7.56,7.38,7.29,7.26,7.28,7.36,7.49,7.63,7.74
31/10/17,7.44,7.49,7.535,7.53,7.345,7.265,7.225,7.24,7.34,7.47,7.61,7.72
01/11/17,7.445,7.495,7.54,7.55,7.37,7.29,7.25,7.275,7.36,7.5,7.64,7.75
03/11/17,7.44,7.49,7.52,7.53,7.35,7.27,7.25,7.27,7.37,7.5,7.64,7.75
06/11/17,7.42,7.45,7.47,7.47,7.3,7.21,7.19,7.205,7.3,7.42,7.56,7.67
07/11/17,7.43,7.475,7.5,7.495,7.35,7.25,7.23,7.24,7.34,7.45,7.59,7.7
08/11/17,7.435,7.49,7.525,7.52,7.37,7.27,7.25,7.26,7.36,7.47,7.61,7.72
09/11/17,7.425,7.47,7.515,7.515,7.36,7.25,7.225,7.235,7.31,7.42,7.585,7.695
10/11/17,7.425,7.495,7.54,7.54,7.4,7.29,7.29,7.3,7.38,7.48,7.645,7.755
13/11/17,7.425,7.5,7.55,7.55,7.43,7.33,7.305,7.32,7.38,7.5,7.665,7.775
14/11/17,7.44,7.51,7.57,7.575,7.475,7.38,7.34,7.35,7.415,7.545,7.71,7.815
15/11/17,7.45,7.54,7.62,7.625,7.555,7.43,7.37,7.4,7.47,7.61,7.775,7.88
16/11/17,7.42,7.49,7.56,7.57,7.46,7.35,7.33,7.33,7.42,7.54,7.705,7.81
17/11/17,7.44,7.505,7.55,7.55,7.405,7.295,7.275,7.28,7.38,7.51,7.675,7.78
21/11/17,7.44,7.49,7.52,7.5,7.35,7.245,7.24,7.24,7.34,7.465,7.63,7.735
22/11/17,7.425,7.46,7.495,7.48,7.33,7.22,7.2,7.205,7.28,7.41,7.575,7.68
23/11/17,7.475,7.54,7.57,7.54,7.41,7.29,7.27,7.28,7.36,7.485,7.65,7.755
24/11/17,7.47,7.56,7.6,7.58,7.435,7.32,7.28,7.29,7.38,7.5,7.665,7.77
27/11/17,7.47,7.54,7.58,7.55,7.4,7.275,7.25,7.255,7.34,7.455,7.62,7.725
28/11/17,7.48,7.56,7.62,7.62,7.46,7.32,7.28,7.28,7.36,7.485,7.65,7.755
29/11/17,7.49,7.57,7.64,7.64,7.495,7.365,7.32,7.32,7.405,7.52,7.685,7.79
30/11/17,7.49,7.575,7.645,7.66,7.52,7.39,7.35,7.34,7.43,7.53,7.695,7.8
01/12/17,7.48,7.565,7.63,7.64,7.5,7.39,7.34,7.33,7.4,7.51,7.675,7.77
04/12/17,7.49,7.58,7.65,7.665,7.54,7.425,7.38,7.37,7.44,7.54,7.705,7.8
05/12/17,7.49,7.595,7.68,7.715,7.61,7.505,7.44,7.44,7.5,7.59,7.755,7.845
06/12/17,7.485,7.605,7.695,7.72,7.61,7.48,7.45,7.43,7.5,7.615,7.78,7.87
07/12/17,7.49,7.615,7.7,7.71,7.575,7.475,7.43,7.41,7.49,7.58,7.745,7.835
08/12/17,7.505,7.645,7.72,7.73,7.59,7.47,7.43,7.42,7.48,7.58,7.745,7.835
11/12/17,7.54,7.695,7.79,7.805,7.68,7.55,7.51,7.49,7.55,7.66,7.825,7.915
13/12/17,7.56,7.72,7.8,7.83,7.73,7.6,7.56,7.545,7.595,7.665,7.83,7.92
14/12/17,7.59,7.76,7.84,7.87,7.765,7.68,7.61,7.595,7.64,7.7,7.865,7.955
15/12/17,7.68,7.86,8.01,8.09,7.99,7.89,7.81,7.79,7.81,7.845,7.98,8.07
18/12/17,7.665,7.83,7.94,8.04,7.955,7.83,7.8,7.73,7.74,7.785,7.89,8
19/12/17,7.685,7.84,7.98,8.08,8.03,7.905,7.87,7.81,7.815,7.86,7.93,8.04
20/12/17,7.68,7.835,7.97,8.07,8.04,7.925,7.88,7.855,7.885,7.93,8,8.11
21/12/17,7.695,7.85,8.02,8.11,8.09,8.01,8,7.98,8.03,8.1,8.16,8.27
22/12/17,7.7,7.85,8,8.09,8.11,8.02,8.02,8.02,8.08,8.16,8.29,8.37
26/12/17,7.71,7.895,8.03,8.14,8.14,8.06,8.06,8.045,8.115,8.21,8.34,8.42
27/12/17,7.71,7.87,8.02,8.1,8.08,8,8,7.975,8.03,8.115,8.245,8.325
28/12/17,7.71,7.89,8.05,8.13,8.1,8,7.95,7.945,8,8.065,8.195,8.275
29/12/17,7.72,7.9,8.01,8.065,8,7.91,7.86,7.85,7.915,7.995,8.115,8.16
02/01/18,7.71,7.83,7.95,8,7.91,7.81,7.765,7.755,7.81,7.9,8.02,8.065
03/01/18,7.7,7.82,7.92,7.97,7.85,7.735,7.7,7.68,7.75,7.84,7.96,8.005
04/01/18,7.715,7.85,7.96,8,7.865,7.745,7.68,7.66,7.73,7.815,7.94,7.985
05/01/18,7.715,7.855,7.96,8.01,7.87,7.735,7.68,7.67,7.74,7.83,7.955,8.04
08/01/18,7.71,7.865,7.97,8.025,7.88,7.75,7.69,7.675,7.73,7.83,7.97,8.02
09/01/18,7.72,7.87,7.98,8.05,7.915,7.795,7.735,7.72,7.76,7.87,8.01,8.09
10/01/18,7.73,7.875,8.04,8.09,7.97,7.83,7.815,7.815,7.85,7.98,8.12,8.2
11/01/18,7.725,7.87,7.97,8.03,7.91,7.77,7.755,7.75,7.84,7.96,8.1,8.18
12/01/18,7.775,7.89,7.96,7.98,7.87,7.75,7.71,7.69,7.75,7.89,8.03,8.11
15/01/18,7.775,7.87,7.93,7.935,7.81,7.69,7.64,7.625,7.72,7.85,7.99,8.07
16/01/18,7.77,7.865,7.93,7.94,7.81,7.695,7.65,7.64,7.73,7.85,7.99,8.07
17/01/18,7.765,7.86,7.93,7.935,7.8,7.67,7.635,7.62,7.71,7.83,7.985,8.065
18/01/18,7.77,7.87,7.95,7.975,7.83,7.705,7.66,7.64,7.73,7.86,8.015,8.095
19/01/18,7.775,7.885,7.965,7.99,7.845,7.735,7.69,7.67,7.755,7.88,8.03,8.1
22/01/18,7.785,7.9,7.99,8.01,7.87,7.75,7.71,7.69,7.77,7.9,8.03,8.1
23/01/18,7.775,7.89,7.95,7.97,7.8,7.68,7.65,7.63,7.69,7.84,7.97,8.04
24/01/18,7.765,7.86,7.915,7.9,7.71,7.58,7.53,7.52,7.625,7.775,7.905,7.975
25/01/18,7.775,7.9,7.98,7.94,7.75,7.65,7.615,7.6,7.7,7.86,8,8.095
26/01/18,7.77,7.89,7.98,7.97,7.79,7.67,7.62,7.62,7.71,7.85,7.99,8.085
29/01/18,7.785,7.92,8.01,8.01,7.86,7.75,7.71,7.69,7.78,7.92,8.065,8.16
30/01/18,7.78,7.915,8.015,8.035,7.9,7.785,7.76,7.75,7.86,7.99,8.145,8.23
31/01/18,7.77,7.875,7.96,7.97,7.84,7.72,7.7,7.69,7.8,7.95,8.13,8.215
01/02/18,7.765,7.85,7.91,7.915,7.76,7.635,7.63,7.62,7.74,7.905,8.085,8.17
02/02/18,7.78,7.87,7.93,7.935,7.79,7.68,7.68,7.68,7.795,7.96,8.14,8.225
06/02/18,7.785,7.88,7.94,7.965,7.84,7.73,7.72,7.73,7.84,7.99,8.17,8.255
07/02/18,7.785,7.875,7.93,7.93,7.78,7.67,7.66,7.67,7.79,7.94,8.12,8.2
08/02/18,7.83,7.95,8.03,8.02,7.89,7.8,7.78,7.79,7.89,8.03,8.21,8.29
09/02/18,7.875,8.01,8.1,8.14,8.03,7.92,7.9,7.89,8,8.11,8.27,8.35
12/02/18,7.87,7.985,8.065,8.08,7.99,7.88,7.85,7.86,7.95,8.07,8.23,8.31
13/02/18,7.87,7.99,8.085,8.115,8.03,7.94,7.91,7.91,8,8.12,8.28,8.4
14/02/18,7.87,7.99,8.1,8.14,8.07,7.98,7.95,7.95,8.03,8.15,8.31,8.43
15/02/18,7.86,7.975,8.065,8.095,8.02,7.93,7.9,7.89,7.98,8.105,8.27,8.38
16/02/18,7.885,7.99,8.06,8.075,7.98,7.885,7.86,7.85,7.935,8.07,8.235,8.345
19/02/18,7.885,7.99,8.06,8.075,7.97,7.875,7.85,7.835,7.925,8.06,8.225,8.335
20/02/18,7.89,7.985,8.07,8.085,7.985,7.89,7.86,7.865,7.96,8.1,8.25,8.36
21/02/18,7.885,7.98,8.025,8.03,7.91,7.81,7.79,7.795,7.9,8.04,8.19,8.3
22/02/18,7.88,7.95,7.99,7.98,7.82,7.715,7.7,7.71,7.84,7.99,8.14,8.25
23/02/18,7.875,7.95,7.99,7.955,7.77,7.66,7.64,7.645,7.775,7.92,8.075,8.18
26/02/18,7.88,7.96,8,7.98,7.8,7.69,7.66,7.67,7.79,7.95,8.105,8.21
27/02/18,7.89,7.985,8.03,8.015,7.84,7.735,7.695,7.7,7.82,7.98,8.135,8.24
28/02/18,7.875,7.96,8.005,7.98,7.79,7.68,7.64,7.64,7.77,7.93,8.085,8.19
01/03/18,7.88,7.96,7.99,7.99,7.8,7.67,7.64,7.65,7.77,7.92,8.075,8.18
02/03/18,7.87,7.96,7.995,7.975,7.77,7.65,7.62,7.61,7.74,7.9,8.055,8.16
05/03/18,7.88,7.97,8.01,7.995,7.795,7.67,7.635,7.635,7.755,7.92,8.075,8.18
06/03/18,7.88,7.96,7.99,7.965,7.76,7.625,7.595,7.6,7.715,7.865,8.02,8.125
07/03/18,7.87,7.95,7.98,7.96,7.74,7.6,7.58,7.585,7.69,7.85,8.01,8.115
08/03/18,7.87,7.95,7.97,7.945,7.735,7.595,7.565,7.55,7.69,7.86,8.02,8.12
09/03/18,7.87,7.945,7.96,7.915,7.695,7.565,7.55,7.55,7.68,7.84,8.02,8.12
12/03/18,7.87,7.945,7.96,7.91,7.71,7.57,7.55,7.57,7.695,7.85,8.02,8.11
13/03/18,7.87,7.95,7.97,7.93,7.72,7.59,7.57,7.57,7.7,7.87,8.045,8.11
14/03/18,7.87,7.95,7.97,7.92,7.71,7.57,7.56,7.58,7.695,7.855,8.03,8.095
15/03/18,7.875,7.955,7.98,7.93,7.74,7.59,7.58,7.595,7.71,7.89,8.05,8.115
16/03/18,7.9,7.955,7.965,7.905,7.71,7.56,7.55,7.56,7.675,7.84,8,8.065
20/03/18,7.91,7.965,7.98,7.92,7.73,7.59,7.57,7.58,7.69,7.86,8.03,8.095
21/03/18,7.895,7.95,7.97,7.9,7.685,7.53,7.53,7.53,7.65,7.82,7.975,8.04
22/03/18,7.9,7.94,7.95,7.88,7.66,7.5,7.49,7.5,7.605,7.78,7.935,8
23/03/18,7.915,7.95,7.955,7.88,7.655,7.51,7.485,7.5,7.61,7.78,7.95,8.01
26/03/18,7.905,7.94,7.94,7.87,7.625,7.47,7.46,7.46,7.57,7.74,7.91,7.97
27/03/18,7.905,7.93,7.93,7.855,7.61,7.455,7.43,7.445,7.54,7.705,7.875,7.94
28/03/18,7.9,7.92,7.91,7.835,7.58,7.42,7.38,7.39,7.495,7.665,7.835,7.92
02/04/18,7.905,7.945,7.935,7.87,7.635,7.48,7.44,7.45,7.55,7.72,7.89,7.975
03/04/18,7.895,7.92,7.91,7.83,7.59,7.435,7.4,7.4,7.5,7.67,7.84,7.925
04/04/18,7.885,7.9,7.88,7.8,7.555,7.4,7.365,7.36,7.45,7.61,7.77,7.855
05/04/18,7.885,7.895,7.87,7.785,7.56,7.39,7.35,7.34,7.445,7.59,7.75,7.835
06/04/18,7.885,7.89,7.86,7.77,7.54,7.36,7.33,7.33,7.435,7.57,7.73,7.82
09/04/18,7.875,7.885,7.835,7.75,7.505,7.345,7.305,7.315,7.42,7.585,7.745,7.835
10/04/18,7.88,7.895,7.845,7.77,7.52,7.36,7.34,7.35,7.47,7.635,7.81,7.9
11/04/18,7.885,7.895,7.86,7.78,7.53,7.38,7.35,7.365,7.49,7.67,7.845,7.935
12/04/18,7.87,7.895,7.86,7.78,7.52,7.36,7.33,7.35,7.46,7.66,7.835,7.925
13/04/18,7.86,7.875,7.85,7.775,7.52,7.36,7.33,7.34,7.45,7.64,7.815,7.905
16/04/18,7.87,7.885,7.85,7.77,7.53,7.37,7.34,7.345,7.46,7.66,7.835,7.925
17/04/18,7.875,7.88,7.855,7.77,7.525,7.37,7.335,7.34,7.45,7.64,7.815,7.905
18/04/18,7.87,7.89,7.86,7.78,7.535,7.38,7.35,7.355,7.46,7.64,7.815,7.91
19/04/18,7.875,7.9,7.88,7.82,7.61,7.46,7.43,7.44,7.54,7.725,7.9,7.98
20/04/18,7.88,7.91,7.895,7.85,7.65,7.5,7.48,7.48,7.565,7.76,7.92,8.02
23/04/18,7.89,7.92,7.92,7.885,7.71,7.57,7.54,7.54,7.635,7.835,7.995,8.095
24/04/18,7.88,7.91,7.915,7.885,7.72,7.585,7.565,7.575,7.68,7.87,8.05,8.15
25/04/18,7.88,7.9,7.905,7.89,7.7,7.58,7.565,7.555,7.68,7.87,8.07,8.14
26/04/18,7.88,7.9,7.905,7.86,7.665,7.53,7.525,7.52,7.62,7.82,8.01,8.09
27/04/18,7.885,7.9,7.885,7.84,7.625,7.485,7.46,7.46,7.56,7.755,7.945,8.025
30/04/18,7.895,7.91,7.9,7.86,7.65,7.52,7.48,7.49,7.585,7.78,7.97,8.05
02/05/18,7.91,7.93,7.92,7.91,7.7,7.58,7.535,7.54,7.65,7.835,8.025,8.105
03/05/18,7.905,7.945,7.945,7.92,7.73,7.61,7.565,7.57,7.67,7.845,8.035,8.115
04/05/18,7.92,7.97,7.99,7.98,7.8,7.68,7.64,7.63,7.725,7.9,8.09,8.17
07/05/18,7.93,8.005,8.03,8.03,7.885,7.76,7.73,7.72,7.81,7.98,8.17,8.25
08/05/18,7.94,8.03,8.07,8.09,7.98,7.875,7.83,7.82,7.915,8.08,8.27,8.35
09/05/18,7.93,8.01,8.065,8.07,7.965,7.85,7.82,7.81,7.89,8.04,8.245,8.31
10/05/18,7.895,7.95,7.975,7.985,7.85,7.74,7.69,7.69,7.775,7.93,8.11,8.175
11/05/18,7.91,7.98,8,8,7.895,7.78,7.73,7.72,7.82,7.97,8.16,8.225
14/05/18,7.93,8.02,8.06,8.07,7.97,7.86,7.82,7.82,7.9,8.05,8.24,8.305
15/05/18,7.965,8.065,8.12,8.14,8.06,7.97,7.93,7.91,7.99,8.14,8.32,8.385
16/05/18,7.94,8.03,8.09,8.11,8.01,7.91,7.87,7.85,7.96,8.1,8.28,8.345
17/05/18,7.89,8.01,8.07,8.07,7.99,7.89,7.84,7.84,7.92,8.09,8.27,8.335
18/05/18,7.92,8.03,8.09,8.13,8.06,7.98,7.95,7.94,8,8.16,8.34,8.42
21/05/18,7.91,7.99,8.065,8.11,8.015,7.925,7.89,7.88,7.93,8.08,8.26,8.34
22/05/18,7.91,7.99,8.035,8.07,7.99,7.91,7.87,7.86,7.92,8.06,8.24,8.33
23/05/18,7.91,7.98,8.015,8.04,7.95,7.87,7.82,7.82,7.87,8,8.18,8.27
24/05/18,7.92,7.985,8.025,8.045,7.945,7.835,7.79,7.79,7.85,7.98,8.16,8.25
25/05/18,7.93,7.985,8.025,8.03,7.92,7.81,7.765,7.76,7.82,7.95,8.13,8.24
28/05/18,7.93,7.985,8.025,8.03,7.94,7.84,7.795,7.79,7.84,7.97,8.15,8.26
29/05/18,7.98,8.06,8.1,8.12,8.01,7.91,7.87,7.85,7.92,8.045,8.225,8.335
30/05/18,7.98,8.085,8.13,8.17,8.07,7.98,7.945,7.94,7.99,8.11,8.29,8.4
31/05/18,7.985,8.07,8.14,8.19,8.13,8.02,8.01,7.98,8.03,8.13,8.28,8.36
01/06/18,7.985,8.07,8.15,8.2,8.15,8.06,8.02,8.01,8.07,8.17,8.32,8.4
04/06/18,7.975,8.08,8.16,8.2,8.16,8.05,8.01,8,8.06,8.17,8.32,8.4
05/06/18,7.99,8.105,8.18,8.235,8.18,8.07,8.02,8.01,8.045,8.165,8.305,8.36
06/06/18,7.98,8.08,8.15,8.19,8.13,8.02,7.965,7.95,7.985,8.105,8.245,8.32
07/06/18,8.015,8.14,8.21,8.27,8.22,8.1,8.04,8.02,8.055,8.17,8.295,8.37
08/06/18,8.04,8.145,8.21,8.26,8.19,8.08,8.02,7.99,8.04,8.145,8.27,8.37
11/06/18,8.06,8.17,8.24,8.29,8.24,8.13,8.07,8.06,8.11,8.22,8.35,8.45
12/06/18,8.08,8.21,8.28,8.36,8.305,8.22,8.165,8.15,8.21,8.3,8.44,8.54
13/06/18,8.095,8.22,8.31,8.39,8.34,8.255,8.21,8.2,8.24,8.33,8.47,8.56
14/06/18,8.1,8.23,8.32,8.4,8.36,8.31,8.25,8.25,8.29,8.38,8.535,8.62
15/06/18,8.13,8.27,8.36,8.45,8.43,8.365,8.325,8.305,8.325,8.43,8.585,8.67
18/06/18,8.1,8.23,8.315,8.38,8.37,8.285,8.24,8.23,8.255,8.36,8.515,8.6
19/06/18,8.05,8.18,8.25,8.3,8.27,8.17,8.14,8.135,8.175,8.29,8.445,8.53
20/06/18,8.03,8.14,8.19,8.22,8.17,8.075,8.035,8.025,8.09,8.22,8.39,8.475
21/06/18,8.09,8.185,8.24,8.245,8.195,8.09,8.05,8.025,8.055,8.185,8.355,8.44
22/06/18,8.135,8.195,8.235,8.25,8.15,8.025,7.985,7.96,8.02,8.12,8.285,8.36
25/06/18,8.14,8.2,8.245,8.26,8.16,8.03,7.99,7.955,8.04,8.125,8.29,8.365
26/06/18,8.14,8.2,8.245,8.25,8.14,8.01,7.96,7.925,7.98,8.09,8.255,8.33
27/06/18,8.17,8.25,8.28,8.3,8.2,8.07,8.02,7.985,8.04,8.14,8.305,8.38
28/06/18,8.145,8.19,8.21,8.2,8.07,7.91,7.87,7.84,7.89,7.98,8.145,8.22
29/06/18,8.16,8.24,8.255,8.245,8.11,7.95,7.9,7.89,7.935,8.05,8.225,8.3
02/07/18,8.165,8.265,8.3,8.29,8.18,8.03,7.98,7.95,7.995,8.11,8.285,8.36
03/07/18,8.155,8.24,8.26,8.255,8.1,7.96,7.9,7.88,7.93,8.03,8.205,8.28
04/07/18,8.17,8.24,8.26,8.25,8.115,7.975,7.92,7.88,7.93,8.02,8.195,8.27
05/07/18,8.155,8.235,8.25,8.23,8.11,7.98,7.935,7.895,7.95,8.08,8.26,8.34
06/07/18,8.17,8.22,8.235,8.215,8.065,7.93,7.9,7.89,7.96,8.08,8.26,8.34
09/07/18,8.185,8.25,8.265,8.235,8.11,7.97,7.94,7.91,7.97,8.095,8.275,8.365